2022-01-31T19:18:07+00:00,1
2022-01-31T19:41:59+00:00,1
2022-01-31T20:24:05+00:00,1
2022-01-31T20:41:49+00:00,1
2022-01-31T21:19:23+00:00,1
2022-01-31T21:41:48+00:00,1
2022-01-31T22:22:18+00:00,1
2022-01-31T22:41:50+00:00,1
2022-01-31T23:23:12+00:00,1
2022-01-31T23:41:42+00:00,1
2022-02-01T02:17:31+00:00,1
2022-02-01T02:51:01+00:00,1
2022-02-01T03:23:12+00:00,1
2022-02-01T03:42:05+00:00,1
2022-02-01T04:30:33+00:00,1
2022-02-01T04:50:04+00:00,1
2022-02-01T05:20:55+00:00,1
2022-02-01T05:41:44+00:00,1
2022-02-01T06:27:53+00:00,1
2022-02-01T06:47:49+00:00,1
2022-02-01T07:21:06+00:00,1
